<?xml version = "1.0" encoding = "utf-8"?>
<!DOCTYPE hibernate-mapping PUBLIC
        "-//Hibernate/Hibernate Mapping DTD//EN"
        "http://www.hibernate.org/dtd/hibernate-mapping-3.0.dtd">

<hibernate-mapping>

    <class name = "bean.Ordine" table = "ordine">
                
    	<id name = "idOrdine" type = "int" column = "idOrdine">
            <generator class="increment"/>
        </id>
        <property name = "idTreno" column = "idTreno" type = "int" not-null="true"/>
        <property name = "username" column = "username" type = "string" not-null="true"/>
        <property name = "dataCreazione" column = "dataCreazione" type = "date" not-null="true"/>
        <property name = "dataConclusione" column = "dataConclusione" type = "date"/>
        <property name = "stato" column = "stato" type = "string"/>
    
    </class>
    
    <query name="ordiniUser">  
		<![CDATA[from Ordine o where o.username = :username]]>  
	</query>

</hibernate-mapping>