<?xml version = "1.0" encoding = "utf-8"?>
<!DOCTYPE hibernate-mapping PUBLIC 
"-//Hibernate/Hibernate Mapping DTD//EN"
"http://www.hibernate.org/dtd/hibernate-mapping-3.0.dtd"> 

<hibernate-mapping>

	<class name = "bean.Utente" table = "utente">
      <id name = "username" type = "string" column = "username">
         <generator class="assigned"/>
      </id>
      <property name = "nome" column = "nome" type = "string" not-null="true"/>
      <property name = "cognome" column = "cognome" type = "string" not-null="true"/>
      <property name = "email" column = "email" type = "string"/>
     <property name = "password" column = "password" type = "string"/>
     <property name = "budget" column = "budget" type = "double"/>
     <property name = "enabled" column = "enabled" type = "boolean"/>
     
   	</class>

</hibernate-mapping>