<?xml version = "1.0" encoding = "utf-8"?>
<!DOCTYPE hibernate-mapping PUBLIC 
"-//Hibernate/Hibernate Mapping DTD//EN"
"http://www.hibernate.org/dtd/hibernate-mapping-3.0.dtd"> 

<hibernate-mapping>

	<class name = "bean.Vagone" table = "vagone" discriminator-value="vagone">
      
      <id name = "id" type = "int" column = "idVagone">
         <generator class="increment"/>
      </id>
      
      <discriminator column="tipoVagone" type="string"></discriminator>
      
      <property name = "peso" column = "peso" type = "int"/>
	  <property name = "prezzo" column = "prezzo" type = "int"/>
	  <property name = "lunghezza" column = "lunghezza" type = "int"/>
	  <property name = "compagnia" column = "compagnia" type = "string"/>
	  <property name = "idTreno" column = "idTreno" type = "int"/>
	  <property name = "posizione" column = "posizione" type = "int"/>
	   
	  <subclass name="bean.FrecciarossaLocomotiva" discriminator-value="Frecciarossalocomotiva">  
  		<property name = "pesoTrainante" column = "pesoTrainante" type = "int"/>
	  </subclass>
	  
	  <subclass name="bean.FrecciarossaCargo" discriminator-value="Frecciarossacargo">  
  		<property name = "capienzaPeso" column = "capacitaCarico" type = "int"/>
	  </subclass>
	  
	  <subclass name="bean.FrecciarossaRistorante" discriminator-value="Frecciarossaristorante">  
  		<property name = "copertiDisponibili" column = "copertiDisponibili" type = "int"/>
	  </subclass>
	
	  <subclass name="bean.FrecciarossaPasseggeri" discriminator-value="Frecciarossapasseggeri">  
  		<property name = "postiDisponibili" column = "numPasseggeri" type = "int"/>
	  </subclass>
	  
	  <subclass name="bean.ItaloLocomotiva" discriminator-value="Italolocomotiva">  
  		<property name = "pesoTrainante" column = "pesoTrainante" type = "int"/>
	  </subclass>
	  
	  <subclass name="bean.ItaloCargo" discriminator-value="Italocargo">  
  		<property name = "capienzaPeso" column = "capacitaCarico" type = "int"/>
	  </subclass>
	  
	  <subclass name="bean.ItaloRistorante" discriminator-value="Italoristorante">  
  		<property name = "copertiDisponibili" column = "copertiDisponibili" type = "int"/>
	  </subclass>
	
	  <subclass name="bean.ItaloPasseggeri" discriminator-value="Italopasseggeri">  
  		<property name = "postiDisponibili" column = "numPasseggeri" type = "int"/>
	  </subclass>
	  
	  <subclass name="bean.TreNordLocomotiva" discriminator-value="TreNordlocomotiva">  
  		<property name = "pesoTrainante" column = "pesoTrainante" type = "int"/>
	  </subclass>
	  
	  <subclass name="bean.TreNordCargo" discriminator-value="TreNordcargo">  
  		<property name = "capienzaPeso" column = "capacitaCarico" type = "int"/>
	  </subclass>
	  
	  <subclass name="bean.TreNordRistorante" discriminator-value="TreNordristorante">  
  		<property name = "copertiDisponibili" column = "copertiDisponibili" type = "int"/>
	  </subclass>
	
	  <subclass name="bean.TreNordPasseggeri" discriminator-value="TreNordpasseggeri">  
  		<property name = "postiDisponibili" column = "numPasseggeri" type = "int"/>
	  </subclass>
	     
   	</class>

</hibernate-mapping>